Landmark_0_R,Landmark_0_G,Landmark_0_B,Landmark_1_R,Landmark_1_G,Landmark_1_B,Landmark_2_R,Landmark_2_G,Landmark_2_B,Landmark_3_R,Landmark_3_G,Landmark_3_B,Landmark_4_R,Landmark_4_G,Landmark_4_B,Landmark_5_R,Landmark_5_G,Landmark_5_B,Landmark_6_R,Landmark_6_G,Landmark_6_B,Landmark_7_R,Landmark_7_G,Landmark_7_B,Landmark_8_R,Landmark_8_G,Landmark_8_B,Landmark_9_R,Landmark_9_G,Landmark_9_B,Landmark_10_R,Landmark_10_G,Landmark_10_B,Landmark_11_R,Landmark_11_G,Landmark_11_B,Landmark_12_R,Landmark_12_G,Landmark_12_B,Landmark_13_R,Landmark_13_G,Landmark_13_B,Landmark_14_R,Landmark_14_G,Landmark_14_B,Landmark_15_R,Landmark_15_G,Landmark_15_B,Landmark_16_R,Landmark_16_G,Landmark_16_B,Landmark_17_R,Landmark_17_G,Landmark_17_B,Landmark_18_R,Landmark_18_G,Landmark_18_B,Landmark_19_R,Landmark_19_G,Landmark_19_B,Landmark_20_R,Landmark_20_G,Landmark_20_B,Source,Label
170,115,89,217,184,166,237,195,178,231,174,153,246,208,192,250,205,188,242,194,174,237,183,162,246,197,177,244,198,181,243,191,172,239,184,165,239,186,170,243,203,185,239,192,176,238,190,175,241,196,180,245,199,181,238,192,175,236,193,177,237,197,181,h10nl.png,1
197,142,111,184,143,119,222,171,150,242,187,164,231,162,137,236,185,160,223,149,122,226,149,124,242,172,151,241,195,170,229,168,141,230,157,127,244,172,152,244,197,174,235,181,158,234,180,156,246,189,171,251,221,201,244,198,176,241,201,181,249,200,185,h11nl.png,1
144,94,71,170,130,106,197,148,125,185,135,112,220,181,169,226,179,163,206,154,135,210,157,142,229,195,184,214,161,141,187,134,115,195,137,118,230,194,183,220,168,152,197,143,123,198,146,128,221,181,168,216,159,141,197,145,128,195,146,130,220,183,170,h12nl.png,1
155,102,79,183,146,125,206,161,141,200,156,137,220,182,171,232,189,176,218,174,158,220,177,163,236,207,198,225,175,158,213,170,152,217,170,153,231,202,190,225,179,163,212,168,148,216,171,156,229,199,189,225,175,159,212,171,156,214,173,158,231,198,189,h13nl.png,1
180,128,105,196,165,146,217,179,160,212,172,152,214,174,162,236,195,182,219,178,161,222,182,165,233,203,191,231,187,170,220,181,163,222,180,165,233,205,196,230,191,175,217,175,158,221,183,168,233,205,195,227,184,168,219,182,166,221,185,171,233,206,197,h14nl.png,1
235,198,183,235,213,208,238,203,194,234,194,181,232,174,162,245,190,177,233,184,167,236,180,168,233,168,154,244,180,160,232,180,166,234,166,156,238,176,165,246,201,189,234,182,169,232,176,162,239,180,171,247,204,189,238,197,182,228,170,157,232,163,148,h15nl.png,1
206,155,131,198,145,128,221,166,141,212,133,112,232,158,140,231,164,144,225,150,131,224,143,127,230,152,132,234,173,150,227,155,133,228,151,132,227,147,133,233,167,143,224,156,135,226,155,140,231,150,139,232,167,145,229,164,143,223,155,136,224,156,139,h16nl.png,1
232,183,154,178,136,105,201,152,122,219,173,149,228,188,178,243,199,182,234,188,166,238,191,173,245,212,203,247,199,179,234,184,161,235,182,166,244,203,194,248,202,180,239,193,174,240,196,181,245,208,199,249,208,194,241,203,186,241,199,186,247,219,211,h17nl.png,1
213,171,146,214,171,152,226,161,146,205,137,119,221,145,137,232,182,166,216,152,134,208,133,118,226,158,147,233,182,165,228,177,161,209,139,127,216,152,138,231,174,155,210,134,117,181,105,90,168,103,94,229,175,156,211,149,131,210,140,126,234,179,167,h19nl.png,1
226,185,163,223,194,178,250,214,198,240,184,166,254,202,183,252,207,193,250,207,187,240,177,153,252,198,178,252,207,190,254,216,199,246,195,180,254,201,184,253,214,197,253,217,201,247,199,184,253,202,185,253,220,203,250,207,192,252,208,195,254,207,193,h1nl.png,1
234,159,130,212,156,131,228,164,138,234,168,138,193,122,96,236,169,143,224,157,129,221,148,122,202,138,114,235,162,135,223,160,136,227,155,130,212,134,111,231,158,128,225,167,141,223,152,126,217,149,127,236,163,134,224,158,134,221,154,130,221,160,140,h20nl.png,1
206,161,136,218,198,188,246,219,208,235,187,170,234,202,193,251,228,221,244,215,199,241,214,201,235,208,203,248,224,215,246,218,205,241,213,200,236,203,195,248,224,214,243,212,200,240,208,198,236,206,201,247,223,213,245,221,211,243,219,211,234,212,207,h22nl.png,1
231,187,171,226,185,174,239,197,186,236,190,174,251,208,206,241,193,180,237,187,168,238,196,182,247,206,204,244,191,173,232,178,153,230,182,168,240,192,187,242,185,169,234,183,163,235,186,174,239,193,185,238,187,172,235,196,180,236,189,176,242,201,194,h24nl.png,1
203,162,134,181,162,142,221,193,182,231,199,182,198,169,153,233,209,195,232,202,185,230,197,179,226,199,186,241,215,202,227,195,180,230,201,185,233,202,189,238,215,200,222,191,172,226,199,181,232,205,191,237,212,203,231,204,194,226,203,192,198,202,197,h28nl.png,1
251,215,201,246,218,210,251,213,204,247,197,187,252,215,208,254,223,213,242,188,176,247,202,190,251,211,209,251,216,204,232,175,160,246,199,190,251,215,212,252,220,211,228,177,163,243,192,182,252,218,213,254,230,225,240,194,179,249,202,193,246,207,201,h29nl.png,1
198,146,113,187,144,119,220,167,146,244,192,169,236,162,138,238,185,160,225,150,125,228,151,125,243,170,151,242,193,168,232,171,146,228,157,129,245,168,148,243,196,174,232,179,155,235,181,157,249,194,172,248,223,201,244,199,176,242,202,181,247,198,183,h30nl.png,1
216,162,119,195,145,104,227,172,142,237,162,132,247,191,171,247,192,163,238,175,142,227,153,129,246,191,170,244,181,148,239,174,140,237,172,144,248,187,162,245,195,168,245,183,152,244,186,160,247,188,162,252,208,184,240,175,144,233,167,138,239,160,132,h31nl.png,1
227,141,88,241,192,171,250,212,203,250,191,164,251,186,164,252,218,208,251,215,203,253,216,204,253,210,194,253,222,214,253,221,214,252,210,194,254,211,201,254,225,222,253,220,210,252,215,207,254,217,212,254,223,216,253,219,211,251,215,204,253,214,207,h33nl.png,1
226,189,167,230,202,188,246,214,192,238,190,168,247,202,182,253,223,203,241,199,177,240,190,168,240,190,169,250,215,196,244,204,184,239,195,173,239,188,169,248,213,194,241,204,183,241,200,183,234,180,166,248,215,198,238,200,185,236,197,182,223,173,155,h34nl.png,1
197,131,78,220,173,139,236,199,174,239,198,171,242,215,197,244,214,193,237,186,154,231,157,114,238,199,177,243,210,188,235,179,141,228,149,104,236,182,146,243,213,192,234,176,137,230,160,115,238,192,163,244,215,193,236,187,153,233,177,140,239,198,172,h35nl.png,1
211,152,126,212,173,153,234,190,172,235,179,158,238,176,148,240,186,174,232,165,152,235,161,146,244,176,150,241,187,173,238,176,162,239,172,159,247,176,146,239,187,175,230,168,156,233,164,150,237,167,143,241,193,178,232,177,161,235,172,157,239,171,134,h36nl.png,1
241,202,184,229,205,194,252,221,204,252,219,204,249,187,167,254,204,186,251,210,190,249,181,154,254,205,179,252,197,169,252,212,193,249,190,170,254,207,187,251,197,176,251,211,198,247,193,172,254,203,182,252,218,199,250,203,187,254,205,191,249,215,199,h37nl.png,1
151,86,57,178,134,110,235,194,177,239,189,170,245,187,172,247,196,180,220,166,148,204,136,117,241,182,167,251,207,189,217,163,141,203,141,121,244,186,170,250,207,188,231,186,166,222,170,150,241,181,165,244,199,182,221,176,157,220,160,143,243,194,180,h38nl.png,1
211,164,127,215,183,164,241,204,187,243,207,183,240,187,160,245,209,189,242,205,181,238,197,169,240,191,164,246,212,192,246,209,189,241,206,184,239,195,168,243,209,189,240,207,188,238,205,185,239,190,167,242,204,178,235,200,178,233,190,171,235,190,169,h39nl.png,1
117,69,47,144,98,79,196,138,113,180,107,76,198,135,117,204,149,122,200,144,112,204,148,119,213,153,126,201,145,115,204,150,119,205,152,124,205,141,118,204,153,123,210,158,131,204,153,128,214,156,137,205,152,125,189,138,107,189,124,93,211,150,128,h3nl.png,1
225,174,145,236,203,190,236,194,175,237,178,149,241,179,149,245,206,194,239,184,157,241,187,167,235,160,131,234,186,165,242,195,170,241,200,184,235,155,129,236,179,153,240,199,180,241,191,169,233,164,137,236,173,147,238,191,167,237,179,157,224,155,129,h42nl.png,1
230,148,103,240,176,135,248,183,153,253,196,173,253,196,169,253,203,176,249,175,147,245,170,147,253,184,164,248,177,151,246,174,145,245,176,152,253,184,165,254,190,155,247,181,157,244,181,163,252,184,165,253,193,166,244,181,154,240,165,143,253,180,164,h43nl.png,1
161,113,106,196,158,153,223,191,186,217,168,160,233,193,187,214,168,163,196,135,124,191,131,122,215,164,157,212,157,151,194,139,128,193,133,120,219,166,158,216,164,154,187,134,124,194,128,113,226,175,171,216,165,157,188,136,124,190,133,123,220,172,167,h44nl.png,1
166,89,61,165,117,102,243,203,188,224,135,113,250,191,161,243,171,142,238,177,154,224,141,116,247,160,133,249,203,174,232,173,148,225,145,117,251,174,150,252,215,188,223,152,131,194,106,87,249,181,162,252,206,181,244,194,172,233,167,147,249,177,154,h45nl.png,1
222,171,150,245,209,192,252,212,197,221,154,141,237,172,159,253,204,192,246,176,165,247,180,170,247,183,173,252,199,182,246,183,172,240,172,161,233,165,155,254,209,191,244,180,166,245,188,175,227,161,150,242,192,177,235,175,158,236,174,159,225,160,148,h46nl.png,1
130,85,65,126,89,71,168,121,99,199,146,122,199,146,122,198,146,119,207,160,128,183,124,98,198,135,108,193,142,108,208,163,131,200,145,116,215,152,129,203,152,116,208,158,129,211,159,130,225,174,147,228,182,151,203,155,123,199,145,117,217,159,133,h47nl.png,1
213,159,130,232,195,175,251,212,197,239,173,145,248,186,165,254,215,199,253,209,193,251,201,182,252,189,169,253,211,192,251,207,188,252,205,188,251,190,172,254,224,204,250,210,190,251,204,187,248,196,175,252,201,177,249,211,188,248,193,173,247,194,175,h48nl.png,1
194,152,125,238,210,190,234,200,180,224,190,170,215,171,144,190,150,134,187,134,113,236,186,168,236,195,175,192,151,128,197,152,136,224,171,155,237,199,183,204,155,140,224,183,169,240,198,186,242,201,189,208,161,141,212,166,149,220,159,141,232,186,168,h49nl.png,1
249,213,201,243,212,205,246,207,196,244,198,182,236,194,183,252,212,200,243,201,191,244,200,191,238,196,187,252,213,201,245,200,185,235,188,174,239,200,191,252,213,201,245,202,189,244,203,193,241,207,201,252,215,204,241,205,196,243,206,200,241,201,194,h4nl.png,1
237,194,179,232,188,174,232,181,166,230,173,156,233,181,159,238,195,181,238,189,173,237,191,177,235,180,165,235,191,176,236,190,173,232,181,167,231,176,163,233,184,170,228,177,164,229,182,170,228,172,157,231,181,168,227,181,174,229,178,171,227,179,166,h50nl.png,1
229,195,179,224,205,197,229,205,195,227,194,184,221,169,156,233,195,182,225,178,162,228,172,159,230,174,167,229,184,164,226,178,160,229,174,162,233,179,169,233,198,185,223,188,173,229,182,171,233,181,174,233,186,170,222,179,164,221,166,154,224,169,163,h5nl.png,1
229,195,179,224,205,197,229,205,195,227,194,184,221,169,156,233,195,182,225,178,162,228,172,159,230,174,167,229,184,164,226,178,160,229,174,162,233,179,169,233,198,185,223,188,173,229,182,171,233,181,174,233,186,170,222,179,164,221,166,154,224,169,163,h6nl.png,1
159,121,113,166,136,130,200,166,159,192,150,140,217,176,172,205,159,145,185,137,123,185,130,124,213,161,156,207,168,153,203,163,150,204,160,148,218,169,164,218,181,167,214,173,162,214,175,166,215,165,160,223,184,176,205,165,152,199,151,141,215,165,162,h7nl.png,1
151,104,82,204,148,122,233,174,152,218,151,129,234,153,136,189,119,103,199,123,110,196,118,101,211,128,112,159,92,76,185,118,98,225,137,119,227,148,129,212,137,115,212,142,125,228,152,136,235,155,137,220,147,127,205,140,126,207,130,118,222,141,122,h8nl.png,1
175,122,95,215,184,167,243,204,187,227,171,150,246,205,189,247,202,186,239,189,168,239,179,160,248,198,181,244,193,175,240,186,165,236,176,156,242,188,168,243,205,187,228,176,156,231,174,155,239,185,169,242,199,181,233,184,165,237,185,170,240,195,180,h9nl.png,1
194,151,108,218,174,147,226,183,159,228,173,141,206,143,117,236,174,144,228,180,139,228,174,146,225,159,135,224,163,128,205,150,119,219,160,134,224,153,130,227,173,145,227,184,147,217,171,141,224,152,131,231,173,147,221,187,142,209,160,130,213,148,124,hands_nl_1.png,1
206,152,125,223,175,142,233,168,133,208,148,129,215,138,120,217,151,129,229,159,130,228,152,130,229,147,128,218,154,131,224,154,129,218,145,123,229,146,128,220,154,129,217,147,121,213,139,119,224,136,118,228,164,137,219,147,121,220,140,119,189,116,105,hands_nl_2.png,1
221,160,139,231,171,150,232,170,150,229,162,141,238,166,147,240,173,154,234,148,135,224,146,128,229,156,140,239,160,141,236,161,146,230,150,135,226,156,146,236,157,134,240,173,154,230,156,142,234,167,152,235,159,136,232,154,137,229,153,133,240,168,152,hands_nl_3.png,1
165,138,117,171,145,126,215,172,150,220,173,155,230,177,161,243,196,177,226,173,157,230,172,160,241,183,168,243,201,178,230,176,154,232,175,157,241,181,170,235,188,165,239,194,169,228,181,161,240,183,172,242,197,174,239,207,179,229,187,168,236,183,165,hands_nl_6.JPEG,1
236,179,150,235,181,160,235,174,161,221,162,148,207,138,135,219,151,142,206,145,135,219,148,139,226,158,153,217,154,141,213,148,138,221,151,141,222,153,152,226,160,144,216,157,145,222,157,147,223,152,150,235,170,156,216,154,143,213,153,142,226,160,152,hands_nl_7.JPEG,1
197,143,108,196,160,122,219,175,146,226,173,141,225,169,141,240,199,164,206,164,136,238,200,174,229,181,156,230,184,148,213,166,140,236,194,168,231,185,164,220,167,125,213,171,145,230,193,166,217,167,145,240,198,170,215,181,147,226,191,161,229,190,166,hands_nl_9.JPEG,1
214,179,147,215,179,146,223,171,143,213,148,132,215,148,140,232,172,148,226,171,146,231,159,144,228,162,151,226,164,138,223,166,142,222,150,138,222,154,142,229,169,143,227,163,141,220,154,137,229,159,143,223,163,140,218,163,140,215,152,133,219,145,129,hands_nl_f_4.png,1
169,122,98,137,99,76,201,144,117,209,148,119,226,163,133,213,148,116,212,158,126,213,158,128,221,158,132,230,168,133,216,163,134,206,144,121,218,144,125,228,165,131,223,165,134,213,153,127,229,156,135,237,184,148,226,176,144,223,171,147,232,165,141,hands_nl_f_5.png,1
236,181,158,242,198,179,235,170,152,224,154,138,201,133,121,240,174,156,228,153,136,243,187,171,224,141,136,227,150,136,224,149,135,236,166,154,235,175,165,235,160,144,212,135,125,225,151,136,239,185,171,232,152,137,221,146,133,236,173,154,216,148,132,IMG_0425.JPEG,1
174,129,109,220,186,173,220,187,168,225,176,162,232,179,182,239,193,181,225,191,187,226,177,174,225,170,172,241,200,186,233,206,197,229,192,187,223,164,161,238,195,182,235,207,190,231,199,191,223,175,174,236,197,182,237,202,196,221,193,187,220,173,173,IMG_0876.JPEG,1
207,163,135,225,189,174,211,165,147,191,134,117,166,114,103,196,143,129,167,116,101,168,120,105,168,112,102,208,157,139,176,126,112,172,125,109,168,115,102,217,164,148,175,139,121,184,138,123,172,117,104,213,158,141,186,148,130,193,141,129,162,108,100,IMG_1539.JPG,1
198,132,100,217,159,119,232,177,134,205,128,114,236,169,149,235,161,137,204,128,105,192,116,106,220,142,130,216,152,114,186,109,88,194,126,115,222,141,129,238,174,145,216,152,120,196,125,109,215,135,125,230,153,128,214,143,113,206,131,111,204,126,109,IMG_5143.JPEG,1
193,159,134,225,197,174,229,184,168,198,147,127,225,168,151,235,188,170,191,143,119,209,153,134,237,194,177,209,158,134,187,141,121,218,165,146,226,178,161,227,181,154,178,136,114,203,153,133,216,162,144,215,164,139,158,127,108,167,130,111,172,124,104,IMG_7079.JPEG,1
